{"cameraMode":{"drawMode":0,"name":"Shaded","section":"Shading Mode"},"sceneLighting":true,"audioPlay":false,"sceneViewState":{"showFog":true,"showMaterialUpdate":false,"showSkybox":false,"showFlares":true,"showImageEffects":true,"showParticleSystems":true,"showVisualEffectGraphs":true,"m_FxEnabled":true},"in2DMode":false,"pivot":{"x":-0.6799240112304688,"y":13.683025360107422,"z":-1.2499771118164063},"rotation":{"x":-0.12200157344341278,"y":0.030243869870901109,"z":-0.00807536393404007,"w":-0.9920403361320496},"size":185.33143615722657,"orthographic":false}