{"cameraMode":{"drawMode":0,"name":"Shaded","section":"Shading Mode"},"sceneLighting":false,"audioPlay":false,"sceneViewState":{"showFog":true,"showMaterialUpdate":false,"showSkybox":false,"showFlares":true,"showImageEffects":true,"showParticleSystems":true,"showVisualEffectGraphs":true,"m_FxEnabled":true},"in2DMode":false,"pivot":{"x":-7.084007740020752,"y":0.22979098558425904,"z":10.335545539855957},"rotation":{"x":0.02899475209414959,"y":0.9372928142547607,"z":-0.08034104853868485,"w":0.33812516927719118},"size":0.5135773420333862,"orthographic":false}