{"cameraMode":{"drawMode":0,"name":"Shaded","section":"Shading Mode"},"sceneLighting":false,"audioPlay":false,"sceneViewState":{"showFog":true,"showMaterialUpdate":false,"showSkybox":false,"showFlares":true,"showImageEffects":true,"showParticleSystems":true,"showVisualEffectGraphs":true,"m_FxEnabled":true},"in2DMode":false,"pivot":{"x":0.34123367071151736,"y":0.5005816221237183,"z":0.5725530385971069},"rotation":{"x":0.0038694702088832857,"y":0.980510413646698,"z":-0.19550329446792603,"w":0.01941583678126335},"size":2.2271318435668947,"orthographic":false}