{"cameraMode":{"drawMode":0,"name":"Shaded","section":"Shading Mode"},"sceneLighting":false,"audioPlay":false,"sceneViewState":{"showFog":true,"showMaterialUpdate":false,"showSkybox":false,"showFlares":true,"showImageEffects":true,"showParticleSystems":true,"showVisualEffectGraphs":true,"m_FxEnabled":true},"in2DMode":false,"pivot":{"x":0.16705453395843507,"y":0.12363249063491821,"z":0.5133638978004456},"rotation":{"x":0.2000466287136078,"y":-0.5838376879692078,"z":0.15125712752342225,"w":0.7721635699272156},"size":0.5282007455825806,"orthographic":false}