{"cameraMode":{"drawMode":0,"name":"Shaded","section":"Shading Mode"},"sceneLighting":false,"audioPlay":false,"sceneViewState":{"showFog":true,"showMaterialUpdate":false,"showSkybox":false,"showFlares":true,"showImageEffects":true,"showParticleSystems":true,"showVisualEffectGraphs":true,"m_FxEnabled":true},"in2DMode":false,"pivot":{"x":0.0063439905643463139,"y":0.1703704595565796,"z":0.14514780044555665},"rotation":{"x":-0.1343587189912796,"y":0.6787785887718201,"z":-0.1283707618713379,"w":-0.7104592323303223},"size":0.10292178392410279,"orthographic":false}