{"cameraMode":{"drawMode":0,"name":"Shaded","section":"Shading Mode"},"sceneLighting":false,"audioPlay":false,"sceneViewState":{"showFog":true,"showMaterialUpdate":false,"showSkybox":false,"showFlares":true,"showImageEffects":true,"showParticleSystems":true,"showVisualEffectGraphs":true,"m_FxEnabled":true},"in2DMode":false,"pivot":{"x":-0.11879253387451172,"y":0.00000286102294921875,"z":5.553104400634766},"rotation":{"x":0.22291263937950135,"y":-0.6934477686882019,"z":0.24101534485816956,"w":0.6413649320602417},"size":6.046992778778076,"orthographic":false}